String_Type,L_value,Irreducible_Count,LZ77_z,Theoretical_Max_Bound
DNA,1,1,16,1052.7152913275604
Worst-Case,1,7,327,21514.868766507014
DNA,2,2,16,1052.7152913275604
Worst-Case,2,110,327,21514.868766507014
DNA,3,2,16,1052.7152913275604
Worst-Case,3,220,327,21514.868766507014
DNA,4,1,16,1052.7152913275604
Worst-Case,4,394,327,21514.868766507014
DNA,5,0,16,1052.7152913275604
Worst-Case,5,1059,327,21514.868766507014
DNA,6,0,16,1052.7152913275604
Worst-Case,6,972,327,21514.868766507014
DNA,7,0,16,1052.7152913275604
Worst-Case,7,919,327,21514.868766507014
DNA,8,0,16,1052.7152913275604
Worst-Case,8,717,327,21514.868766507014
DNA,9,0,16,1052.7152913275604
Worst-Case,9,0,327,21514.868766507014
DNA,10,0,16,1052.7152913275604
Worst-Case,10,0,327,21514.868766507014
DNA,11,0,16,1052.7152913275604
Worst-Case,11,0,327,21514.868766507014
DNA,12,0,16,1052.7152913275604
Worst-Case,12,0,327,21514.868766507014
DNA,13,0,16,1052.7152913275604
Worst-Case,13,0,327,21514.868766507014
DNA,14,0,16,1052.7152913275604
Worst-Case,14,0,327,21514.868766507014
DNA,15,0,16,1052.7152913275604
Worst-Case,15,0,327,21514.868766507014
DNA,16,0,16,1052.7152913275604
Worst-Case,16,0,327,21514.868766507014
DNA,17,0,16,1052.7152913275604
Worst-Case,17,0,327,21514.868766507014
DNA,18,0,16,1052.7152913275604
Worst-Case,18,0,327,21514.868766507014
DNA,19,0,16,1052.7152913275604
Worst-Case,19,0,327,21514.868766507014
DNA,20,0,16,1052.7152913275604
Worst-Case,20,0,327,21514.868766507014
DNA,21,0,16,1052.7152913275604
Worst-Case,21,0,327,21514.868766507014
DNA,22,0,16,1052.7152913275604
Worst-Case,22,0,327,21514.868766507014
DNA,23,0,16,1052.7152913275604
Worst-Case,23,0,327,21514.868766507014
DNA,24,0,16,1052.7152913275604
Worst-Case,24,0,327,21514.868766507014
DNA,25,0,16,1052.7152913275604
Worst-Case,25,0,327,21514.868766507014
DNA,26,0,16,1052.7152913275604
Worst-Case,26,0,327,21514.868766507014
DNA,27,0,16,1052.7152913275604
Worst-Case,27,0,327,21514.868766507014
DNA,28,0,16,1052.7152913275604
Worst-Case,28,0,327,21514.868766507014
DNA,29,0,16,1052.7152913275604
Worst-Case,29,0,327,21514.868766507014
DNA,30,0,16,1052.7152913275604
Worst-Case,30,0,327,21514.868766507014
DNA,31,0,16,1052.7152913275604
Worst-Case,31,0,327,21514.868766507014
DNA,32,0,16,1052.7152913275604
Worst-Case,32,0,327,21514.868766507014
DNA,33,0,16,1052.7152913275604
Worst-Case,33,0,327,21514.868766507014
DNA,34,0,16,1052.7152913275604
Worst-Case,34,0,327,21514.868766507014
DNA,35,0,16,1052.7152913275604
Worst-Case,35,0,327,21514.868766507014
DNA,36,0,16,1052.7152913275604
Worst-Case,36,0,327,21514.868766507014
DNA,37,0,16,1052.7152913275604
Worst-Case,37,0,327,21514.868766507014
DNA,38,0,16,1052.7152913275604
Worst-Case,38,0,327,21514.868766507014
DNA,39,0,16,1052.7152913275604
Worst-Case,39,0,327,21514.868766507014
DNA,40,0,16,1052.7152913275604
Worst-Case,40,0,327,21514.868766507014
DNA,41,0,16,1052.7152913275604
Worst-Case,41,0,327,21514.868766507014
DNA,42,0,16,1052.7152913275604
Worst-Case,42,0,327,21514.868766507014
DNA,43,0,16,1052.7152913275604
Worst-Case,43,0,327,21514.868766507014
DNA,44,0,16,1052.7152913275604
Worst-Case,44,0,327,21514.868766507014
DNA,45,0,16,1052.7152913275604
Worst-Case,45,0,327,21514.868766507014
DNA,46,0,16,1052.7152913275604
Worst-Case,46,0,327,21514.868766507014
DNA,47,0,16,1052.7152913275604
Worst-Case,47,0,327,21514.868766507014
DNA,48,0,16,1052.7152913275604
Worst-Case,48,0,327,21514.868766507014
DNA,49,0,16,1052.7152913275604
Worst-Case,49,0,327,21514.868766507014
DNA,50,0,16,1052.7152913275604
Worst-Case,50,0,327,21514.868766507014
DNA,51,0,16,1052.7152913275604
Worst-Case,51,0,327,21514.868766507014
DNA,52,0,16,1052.7152913275604
Worst-Case,52,0,327,21514.868766507014
DNA,53,0,16,1052.7152913275604
Worst-Case,53,0,327,21514.868766507014
DNA,54,0,16,1052.7152913275604
Worst-Case,54,0,327,21514.868766507014
DNA,55,0,16,1052.7152913275604
Worst-Case,55,0,327,21514.868766507014
DNA,56,0,16,1052.7152913275604
Worst-Case,56,0,327,21514.868766507014
DNA,57,0,16,1052.7152913275604
Worst-Case,57,0,327,21514.868766507014
DNA,58,0,16,1052.7152913275604
Worst-Case,58,0,327,21514.868766507014
DNA,59,0,16,1052.7152913275604
Worst-Case,59,0,327,21514.868766507014
DNA,60,0,16,1052.7152913275604
Worst-Case,60,0,327,21514.868766507014
DNA,61,0,16,1052.7152913275604
Worst-Case,61,0,327,21514.868766507014
DNA,62,0,16,1052.7152913275604
Worst-Case,62,0,327,21514.868766507014
DNA,63,0,16,1052.7152913275604
Worst-Case,63,0,327,21514.868766507014
DNA,64,0,16,1052.7152913275604
Worst-Case,64,0,327,21514.868766507014
DNA,65,0,16,1052.7152913275604
Worst-Case,65,0,327,21514.868766507014
DNA,66,0,16,1052.7152913275604
Worst-Case,66,0,327,21514.868766507014
DNA,67,0,16,1052.7152913275604
Worst-Case,67,0,327,21514.868766507014
DNA,68,0,16,1052.7152913275604
Worst-Case,68,0,327,21514.868766507014
DNA,69,0,16,1052.7152913275604
Worst-Case,69,0,327,21514.868766507014
DNA,70,0,16,1052.7152913275604
Worst-Case,70,0,327,21514.868766507014
DNA,71,0,16,1052.7152913275604
Worst-Case,71,0,327,21514.868766507014
DNA,72,0,16,1052.7152913275604
Worst-Case,72,0,327,21514.868766507014
DNA,73,0,16,1052.7152913275604
Worst-Case,73,0,327,21514.868766507014
DNA,74,0,16,1052.7152913275604
Worst-Case,74,0,327,21514.868766507014
DNA,75,0,16,1052.7152913275604
Worst-Case,75,0,327,21514.868766507014
DNA,76,0,16,1052.7152913275604
Worst-Case,76,0,327,21514.868766507014
DNA,77,0,16,1052.7152913275604
Worst-Case,77,0,327,21514.868766507014
DNA,78,0,16,1052.7152913275604
Worst-Case,78,0,327,21514.868766507014
DNA,79,0,16,1052.7152913275604
Worst-Case,79,0,327,21514.868766507014
DNA,80,0,16,1052.7152913275604
Worst-Case,80,0,327,21514.868766507014
DNA,81,0,16,1052.7152913275604
Worst-Case,81,0,327,21514.868766507014
DNA,82,0,16,1052.7152913275604
Worst-Case,82,0,327,21514.868766507014
DNA,83,0,16,1052.7152913275604
Worst-Case,83,0,327,21514.868766507014
DNA,84,0,16,1052.7152913275604
Worst-Case,84,0,327,21514.868766507014
DNA,85,0,16,1052.7152913275604
Worst-Case,85,0,327,21514.868766507014
DNA,86,0,16,1052.7152913275604
Worst-Case,86,0,327,21514.868766507014
DNA,87,0,16,1052.7152913275604
Worst-Case,87,0,327,21514.868766507014
DNA,88,0,16,1052.7152913275604
Worst-Case,88,0,327,21514.868766507014
DNA,89,0,16,1052.7152913275604
Worst-Case,89,0,327,21514.868766507014
DNA,90,0,16,1052.7152913275604
Worst-Case,90,0,327,21514.868766507014
DNA,91,0,16,1052.7152913275604
Worst-Case,91,0,327,21514.868766507014
DNA,92,0,16,1052.7152913275604
Worst-Case,92,0,327,21514.868766507014
DNA,93,0,16,1052.7152913275604
Worst-Case,93,0,327,21514.868766507014
DNA,94,0,16,1052.7152913275604
Worst-Case,94,0,327,21514.868766507014
DNA,95,0,16,1052.7152913275604
Worst-Case,95,0,327,21514.868766507014
DNA,96,0,16,1052.7152913275604
Worst-Case,96,0,327,21514.868766507014
DNA,97,0,16,1052.7152913275604
Worst-Case,97,0,327,21514.868766507014
DNA,98,0,16,1052.7152913275604
Worst-Case,98,0,327,21514.868766507014
DNA,99,0,16,1052.7152913275604
Worst-Case,99,0,327,21514.868766507014
DNA,100,0,16,1052.7152913275604
Worst-Case,100,0,327,21514.868766507014
DNA,101,0,16,1052.7152913275604
Worst-Case,101,0,327,21514.868766507014
DNA,102,0,16,1052.7152913275604
Worst-Case,102,0,327,21514.868766507014
DNA,103,0,16,1052.7152913275604
Worst-Case,103,0,327,21514.868766507014
DNA,104,0,16,1052.7152913275604
Worst-Case,104,0,327,21514.868766507014
DNA,105,0,16,1052.7152913275604
Worst-Case,105,0,327,21514.868766507014
DNA,106,0,16,1052.7152913275604
Worst-Case,106,0,327,21514.868766507014
DNA,107,0,16,1052.7152913275604
Worst-Case,107,0,327,21514.868766507014
DNA,108,0,16,1052.7152913275604
Worst-Case,108,0,327,21514.868766507014
DNA,109,0,16,1052.7152913275604
Worst-Case,109,0,327,21514.868766507014
DNA,110,0,16,1052.7152913275604
Worst-Case,110,0,327,21514.868766507014
DNA,111,0,16,1052.7152913275604
Worst-Case,111,0,327,21514.868766507014
DNA,112,0,16,1052.7152913275604
Worst-Case,112,0,327,21514.868766507014
DNA,113,0,16,1052.7152913275604
Worst-Case,113,0,327,21514.868766507014
DNA,114,0,16,1052.7152913275604
Worst-Case,114,0,327,21514.868766507014
DNA,115,0,16,1052.7152913275604
Worst-Case,115,0,327,21514.868766507014
DNA,116,0,16,1052.7152913275604
Worst-Case,116,0,327,21514.868766507014
DNA,117,0,16,1052.7152913275604
Worst-Case,117,0,327,21514.868766507014
DNA,118,0,16,1052.7152913275604
Worst-Case,118,0,327,21514.868766507014
DNA,119,0,16,1052.7152913275604
Worst-Case,119,0,327,21514.868766507014
DNA,120,0,16,1052.7152913275604
Worst-Case,120,0,327,21514.868766507014
DNA,121,0,16,1052.7152913275604
Worst-Case,121,0,327,21514.868766507014
DNA,122,0,16,1052.7152913275604
Worst-Case,122,0,327,21514.868766507014
DNA,123,0,16,1052.7152913275604
Worst-Case,123,0,327,21514.868766507014
DNA,124,0,16,1052.7152913275604
Worst-Case,124,0,327,21514.868766507014
DNA,125,0,16,1052.7152913275604
Worst-Case,125,0,327,21514.868766507014
DNA,126,0,16,1052.7152913275604
Worst-Case,126,0,327,21514.868766507014
DNA,127,0,16,1052.7152913275604
Worst-Case,127,0,327,21514.868766507014
DNA,128,0,16,1052.7152913275604
Worst-Case,128,0,327,21514.868766507014
DNA,129,0,16,1052.7152913275604
Worst-Case,129,0,327,21514.868766507014
DNA,130,0,16,1052.7152913275604
Worst-Case,130,0,327,21514.868766507014
DNA,131,0,16,1052.7152913275604
Worst-Case,131,0,327,21514.868766507014
DNA,132,0,16,1052.7152913275604
Worst-Case,132,0,327,21514.868766507014
DNA,133,0,16,1052.7152913275604
Worst-Case,133,0,327,21514.868766507014
DNA,134,0,16,1052.7152913275604
Worst-Case,134,0,327,21514.868766507014
DNA,135,0,16,1052.7152913275604
Worst-Case,135,0,327,21514.868766507014
DNA,136,0,16,1052.7152913275604
Worst-Case,136,0,327,21514.868766507014
DNA,137,0,16,1052.7152913275604
Worst-Case,137,0,327,21514.868766507014
DNA,138,0,16,1052.7152913275604
Worst-Case,138,0,327,21514.868766507014
DNA,139,0,16,1052.7152913275604
Worst-Case,139,0,327,21514.868766507014
DNA,140,0,16,1052.7152913275604
Worst-Case,140,0,327,21514.868766507014
DNA,141,0,16,1052.7152913275604
Worst-Case,141,0,327,21514.868766507014
DNA,142,0,16,1052.7152913275604
Worst-Case,142,0,327,21514.868766507014
DNA,143,0,16,1052.7152913275604
Worst-Case,143,0,327,21514.868766507014
DNA,144,0,16,1052.7152913275604
Worst-Case,144,0,327,21514.868766507014
DNA,145,0,16,1052.7152913275604
Worst-Case,145,0,327,21514.868766507014
DNA,146,0,16,1052.7152913275604
Worst-Case,146,0,327,21514.868766507014
DNA,147,0,16,1052.7152913275604
Worst-Case,147,0,327,21514.868766507014
DNA,148,0,16,1052.7152913275604
Worst-Case,148,0,327,21514.868766507014
DNA,149,0,16,1052.7152913275604
Worst-Case,149,0,327,21514.868766507014
DNA,150,0,16,1052.7152913275604
Worst-Case,150,0,327,21514.868766507014
DNA,151,0,16,1052.7152913275604
Worst-Case,151,0,327,21514.868766507014
DNA,152,0,16,1052.7152913275604
Worst-Case,152,0,327,21514.868766507014
DNA,153,0,16,1052.7152913275604
Worst-Case,153,0,327,21514.868766507014
DNA,154,0,16,1052.7152913275604
Worst-Case,154,0,327,21514.868766507014
DNA,155,0,16,1052.7152913275604
Worst-Case,155,0,327,21514.868766507014
DNA,156,0,16,1052.7152913275604
Worst-Case,156,0,327,21514.868766507014
DNA,157,0,16,1052.7152913275604
Worst-Case,157,0,327,21514.868766507014
DNA,158,0,16,1052.7152913275604
Worst-Case,158,0,327,21514.868766507014
DNA,159,0,16,1052.7152913275604
Worst-Case,159,0,327,21514.868766507014
DNA,160,0,16,1052.7152913275604
Worst-Case,160,0,327,21514.868766507014
DNA,161,0,16,1052.7152913275604
Worst-Case,161,0,327,21514.868766507014
DNA,162,0,16,1052.7152913275604
Worst-Case,162,0,327,21514.868766507014
DNA,163,0,16,1052.7152913275604
Worst-Case,163,0,327,21514.868766507014
DNA,164,0,16,1052.7152913275604
Worst-Case,164,0,327,21514.868766507014
DNA,165,0,16,1052.7152913275604
Worst-Case,165,0,327,21514.868766507014
DNA,166,0,16,1052.7152913275604
Worst-Case,166,0,327,21514.868766507014
DNA,167,0,16,1052.7152913275604
Worst-Case,167,0,327,21514.868766507014
DNA,168,0,16,1052.7152913275604
Worst-Case,168,0,327,21514.868766507014
DNA,169,0,16,1052.7152913275604
Worst-Case,169,0,327,21514.868766507014
DNA,170,0,16,1052.7152913275604
Worst-Case,170,0,327,21514.868766507014
DNA,171,0,16,1052.7152913275604
Worst-Case,171,0,327,21514.868766507014
DNA,172,0,16,1052.7152913275604
Worst-Case,172,0,327,21514.868766507014
DNA,173,0,16,1052.7152913275604
Worst-Case,173,0,327,21514.868766507014
DNA,174,0,16,1052.7152913275604
Worst-Case,174,0,327,21514.868766507014
DNA,175,0,16,1052.7152913275604
Worst-Case,175,0,327,21514.868766507014
DNA,176,0,16,1052.7152913275604
Worst-Case,176,0,327,21514.868766507014
DNA,177,0,16,1052.7152913275604
Worst-Case,177,0,327,21514.868766507014
DNA,178,0,16,1052.7152913275604
Worst-Case,178,0,327,21514.868766507014
DNA,179,0,16,1052.7152913275604
Worst-Case,179,0,327,21514.868766507014
DNA,180,0,16,1052.7152913275604
Worst-Case,180,0,327,21514.868766507014
DNA,181,0,16,1052.7152913275604
Worst-Case,181,0,327,21514.868766507014
DNA,182,0,16,1052.7152913275604
Worst-Case,182,0,327,21514.868766507014
DNA,183,0,16,1052.7152913275604
Worst-Case,183,0,327,21514.868766507014
DNA,184,0,16,1052.7152913275604
Worst-Case,184,0,327,21514.868766507014
DNA,185,0,16,1052.7152913275604
Worst-Case,185,0,327,21514.868766507014
DNA,186,0,16,1052.7152913275604
Worst-Case,186,0,327,21514.868766507014
DNA,187,0,16,1052.7152913275604
Worst-Case,187,0,327,21514.868766507014
DNA,188,0,16,1052.7152913275604
Worst-Case,188,0,327,21514.868766507014
DNA,189,0,16,1052.7152913275604
Worst-Case,189,0,327,21514.868766507014
DNA,190,0,16,1052.7152913275604
Worst-Case,190,0,327,21514.868766507014
DNA,191,0,16,1052.7152913275604
Worst-Case,191,0,327,21514.868766507014
DNA,192,0,16,1052.7152913275604
Worst-Case,192,0,327,21514.868766507014
DNA,193,0,16,1052.7152913275604
Worst-Case,193,0,327,21514.868766507014
DNA,194,0,16,1052.7152913275604
Worst-Case,194,0,327,21514.868766507014
DNA,195,0,16,1052.7152913275604
Worst-Case,195,0,327,21514.868766507014
DNA,196,0,16,1052.7152913275604
Worst-Case,196,0,327,21514.868766507014
DNA,197,0,16,1052.7152913275604
Worst-Case,197,0,327,21514.868766507014
DNA,198,0,16,1052.7152913275604
Worst-Case,198,0,327,21514.868766507014
DNA,199,0,16,1052.7152913275604
Worst-Case,199,0,327,21514.868766507014
DNA,200,0,16,1052.7152913275604
Worst-Case,200,0,327,21514.868766507014
DNA,201,0,16,1052.7152913275604
Worst-Case,201,0,327,21514.868766507014
DNA,202,0,16,1052.7152913275604
Worst-Case,202,0,327,21514.868766507014
DNA,203,0,16,1052.7152913275604
Worst-Case,203,0,327,21514.868766507014
DNA,204,0,16,1052.7152913275604
Worst-Case,204,0,327,21514.868766507014
DNA,205,0,16,1052.7152913275604
Worst-Case,205,0,327,21514.868766507014
DNA,206,0,16,1052.7152913275604
Worst-Case,206,0,327,21514.868766507014
DNA,207,0,16,1052.7152913275604
Worst-Case,207,0,327,21514.868766507014
DNA,208,0,16,1052.7152913275604
Worst-Case,208,0,327,21514.868766507014
DNA,209,0,16,1052.7152913275604
Worst-Case,209,0,327,21514.868766507014
DNA,210,0,16,1052.7152913275604
Worst-Case,210,0,327,21514.868766507014
DNA,211,0,16,1052.7152913275604
Worst-Case,211,0,327,21514.868766507014
DNA,212,0,16,1052.7152913275604
Worst-Case,212,0,327,21514.868766507014
DNA,213,0,16,1052.7152913275604
Worst-Case,213,0,327,21514.868766507014
DNA,214,0,16,1052.7152913275604
Worst-Case,214,0,327,21514.868766507014
DNA,215,0,16,1052.7152913275604
Worst-Case,215,0,327,21514.868766507014
DNA,216,0,16,1052.7152913275604
Worst-Case,216,0,327,21514.868766507014
DNA,217,0,16,1052.7152913275604
Worst-Case,217,0,327,21514.868766507014
DNA,218,0,16,1052.7152913275604
Worst-Case,218,0,327,21514.868766507014
DNA,219,0,16,1052.7152913275604
Worst-Case,219,0,327,21514.868766507014
DNA,220,0,16,1052.7152913275604
Worst-Case,220,0,327,21514.868766507014
DNA,221,0,16,1052.7152913275604
Worst-Case,221,0,327,21514.868766507014
DNA,222,0,16,1052.7152913275604
Worst-Case,222,0,327,21514.868766507014
DNA,223,0,16,1052.7152913275604
Worst-Case,223,0,327,21514.868766507014
DNA,224,0,16,1052.7152913275604
Worst-Case,224,0,327,21514.868766507014
DNA,225,0,16,1052.7152913275604
Worst-Case,225,0,327,21514.868766507014
DNA,226,0,16,1052.7152913275604
Worst-Case,226,0,327,21514.868766507014
DNA,227,0,16,1052.7152913275604
Worst-Case,227,0,327,21514.868766507014
DNA,228,0,16,1052.7152913275604
Worst-Case,228,0,327,21514.868766507014
DNA,229,0,16,1052.7152913275604
Worst-Case,229,0,327,21514.868766507014
DNA,230,0,16,1052.7152913275604
Worst-Case,230,0,327,21514.868766507014
DNA,231,0,16,1052.7152913275604
Worst-Case,231,0,327,21514.868766507014
DNA,232,0,16,1052.7152913275604
Worst-Case,232,0,327,21514.868766507014
DNA,233,0,16,1052.7152913275604
Worst-Case,233,0,327,21514.868766507014
DNA,234,0,16,1052.7152913275604
Worst-Case,234,0,327,21514.868766507014
DNA,235,0,16,1052.7152913275604
Worst-Case,235,0,327,21514.868766507014
DNA,236,0,16,1052.7152913275604
Worst-Case,236,0,327,21514.868766507014
DNA,237,0,16,1052.7152913275604
Worst-Case,237,0,327,21514.868766507014
DNA,238,0,16,1052.7152913275604
Worst-Case,238,0,327,21514.868766507014
DNA,239,0,16,1052.7152913275604
Worst-Case,239,0,327,21514.868766507014
DNA,240,0,16,1052.7152913275604
Worst-Case,240,0,327,21514.868766507014
DNA,241,0,16,1052.7152913275604
Worst-Case,241,0,327,21514.868766507014
DNA,242,0,16,1052.7152913275604
Worst-Case,242,0,327,21514.868766507014
DNA,243,0,16,1052.7152913275604
Worst-Case,243,0,327,21514.868766507014
DNA,244,0,16,1052.7152913275604
Worst-Case,244,0,327,21514.868766507014
DNA,245,0,16,1052.7152913275604
Worst-Case,245,0,327,21514.868766507014
DNA,246,0,16,1052.7152913275604
Worst-Case,246,0,327,21514.868766507014
DNA,247,0,16,1052.7152913275604
Worst-Case,247,0,327,21514.868766507014
DNA,248,0,16,1052.7152913275604
Worst-Case,248,0,327,21514.868766507014
DNA,249,0,16,1052.7152913275604
Worst-Case,249,0,327,21514.868766507014
DNA,250,0,16,1052.7152913275604
Worst-Case,250,0,327,21514.868766507014
DNA,251,0,16,1052.7152913275604
Worst-Case,251,0,327,21514.868766507014
DNA,252,0,16,1052.7152913275604
Worst-Case,252,0,327,21514.868766507014
DNA,253,0,16,1052.7152913275604
Worst-Case,253,0,327,21514.868766507014
DNA,254,0,16,1052.7152913275604
Worst-Case,254,0,327,21514.868766507014
DNA,255,0,16,1052.7152913275604
Worst-Case,255,0,327,21514.868766507014
DNA,256,0,16,1052.7152913275604
Worst-Case,256,0,327,21514.868766507014
DNA,257,0,16,1052.7152913275604
Worst-Case,257,0,327,21514.868766507014
DNA,258,0,16,1052.7152913275604
Worst-Case,258,0,327,21514.868766507014
DNA,259,0,16,1052.7152913275604
Worst-Case,259,0,327,21514.868766507014
DNA,260,0,16,1052.7152913275604
Worst-Case,260,0,327,21514.868766507014
DNA,261,0,16,1052.7152913275604
Worst-Case,261,0,327,21514.868766507014
DNA,262,0,16,1052.7152913275604
Worst-Case,262,0,327,21514.868766507014
DNA,263,0,16,1052.7152913275604
Worst-Case,263,0,327,21514.868766507014
DNA,264,0,16,1052.7152913275604
Worst-Case,264,0,327,21514.868766507014
DNA,265,0,16,1052.7152913275604
Worst-Case,265,0,327,21514.868766507014
DNA,266,0,16,1052.7152913275604
Worst-Case,266,0,327,21514.868766507014
DNA,267,0,16,1052.7152913275604
Worst-Case,267,0,327,21514.868766507014
DNA,268,0,16,1052.7152913275604
Worst-Case,268,0,327,21514.868766507014
DNA,269,0,16,1052.7152913275604
Worst-Case,269,0,327,21514.868766507014
DNA,270,0,16,1052.7152913275604
Worst-Case,270,0,327,21514.868766507014
DNA,271,0,16,1052.7152913275604
Worst-Case,271,0,327,21514.868766507014
DNA,272,0,16,1052.7152913275604
Worst-Case,272,0,327,21514.868766507014
DNA,273,0,16,1052.7152913275604
Worst-Case,273,0,327,21514.868766507014
DNA,274,0,16,1052.7152913275604
Worst-Case,274,0,327,21514.868766507014
DNA,275,0,16,1052.7152913275604
Worst-Case,275,0,327,21514.868766507014
DNA,276,0,16,1052.7152913275604
Worst-Case,276,0,327,21514.868766507014
DNA,277,0,16,1052.7152913275604
Worst-Case,277,0,327,21514.868766507014
DNA,278,0,16,1052.7152913275604
Worst-Case,278,0,327,21514.868766507014
DNA,279,0,16,1052.7152913275604
Worst-Case,279,0,327,21514.868766507014
DNA,280,0,16,1052.7152913275604
Worst-Case,280,0,327,21514.868766507014
DNA,281,0,16,1052.7152913275604
Worst-Case,281,0,327,21514.868766507014
DNA,282,0,16,1052.7152913275604
Worst-Case,282,0,327,21514.868766507014
DNA,283,0,16,1052.7152913275604
Worst-Case,283,0,327,21514.868766507014
DNA,284,0,16,1052.7152913275604
Worst-Case,284,0,327,21514.868766507014
DNA,285,0,16,1052.7152913275604
Worst-Case,285,0,327,21514.868766507014
DNA,286,0,16,1052.7152913275604
Worst-Case,286,0,327,21514.868766507014
DNA,287,0,16,1052.7152913275604
Worst-Case,287,0,327,21514.868766507014
DNA,288,0,16,1052.7152913275604
Worst-Case,288,0,327,21514.868766507014
DNA,289,0,16,1052.7152913275604
Worst-Case,289,0,327,21514.868766507014
DNA,290,0,16,1052.7152913275604
Worst-Case,290,0,327,21514.868766507014
DNA,291,0,16,1052.7152913275604
Worst-Case,291,0,327,21514.868766507014
DNA,292,0,16,1052.7152913275604
Worst-Case,292,0,327,21514.868766507014
DNA,293,0,16,1052.7152913275604
Worst-Case,293,0,327,21514.868766507014
DNA,294,0,16,1052.7152913275604
Worst-Case,294,0,327,21514.868766507014
DNA,295,0,16,1052.7152913275604
Worst-Case,295,0,327,21514.868766507014
DNA,296,0,16,1052.7152913275604
Worst-Case,296,0,327,21514.868766507014
DNA,297,0,16,1052.7152913275604
Worst-Case,297,0,327,21514.868766507014
DNA,298,0,16,1052.7152913275604
Worst-Case,298,0,327,21514.868766507014
DNA,299,0,16,1052.7152913275604
Worst-Case,299,0,327,21514.868766507014
DNA,300,0,16,1052.7152913275604
Worst-Case,300,0,327,21514.868766507014
DNA,301,0,16,1052.7152913275604
Worst-Case,301,0,327,21514.868766507014
DNA,302,0,16,1052.7152913275604
Worst-Case,302,0,327,21514.868766507014
DNA,303,0,16,1052.7152913275604
Worst-Case,303,0,327,21514.868766507014
DNA,304,0,16,1052.7152913275604
Worst-Case,304,0,327,21514.868766507014
DNA,305,0,16,1052.7152913275604
Worst-Case,305,0,327,21514.868766507014
DNA,306,0,16,1052.7152913275604
Worst-Case,306,0,327,21514.868766507014
DNA,307,0,16,1052.7152913275604
Worst-Case,307,0,327,21514.868766507014
DNA,308,0,16,1052.7152913275604
Worst-Case,308,0,327,21514.868766507014
DNA,309,0,16,1052.7152913275604
Worst-Case,309,0,327,21514.868766507014
DNA,310,0,16,1052.7152913275604
Worst-Case,310,0,327,21514.868766507014
DNA,311,0,16,1052.7152913275604
Worst-Case,311,0,327,21514.868766507014
DNA,312,0,16,1052.7152913275604
Worst-Case,312,0,327,21514.868766507014
DNA,313,0,16,1052.7152913275604
Worst-Case,313,0,327,21514.868766507014
DNA,314,0,16,1052.7152913275604
Worst-Case,314,0,327,21514.868766507014
DNA,315,0,16,1052.7152913275604
Worst-Case,315,0,327,21514.868766507014
DNA,316,0,16,1052.7152913275604
Worst-Case,316,0,327,21514.868766507014
DNA,317,0,16,1052.7152913275604
Worst-Case,317,0,327,21514.868766507014
DNA,318,0,16,1052.7152913275604
Worst-Case,318,0,327,21514.868766507014
DNA,319,0,16,1052.7152913275604
Worst-Case,319,0,327,21514.868766507014
DNA,320,0,16,1052.7152913275604
Worst-Case,320,0,327,21514.868766507014
DNA,321,0,16,1052.7152913275604
Worst-Case,321,0,327,21514.868766507014
DNA,322,0,16,1052.7152913275604
Worst-Case,322,0,327,21514.868766507014
DNA,323,0,16,1052.7152913275604
Worst-Case,323,0,327,21514.868766507014
DNA,324,0,16,1052.7152913275604
Worst-Case,324,0,327,21514.868766507014
DNA,325,0,16,1052.7152913275604
Worst-Case,325,0,327,21514.868766507014
DNA,326,0,16,1052.7152913275604
Worst-Case,326,0,327,21514.868766507014
DNA,327,0,16,1052.7152913275604
Worst-Case,327,0,327,21514.868766507014
DNA,328,0,16,1052.7152913275604
Worst-Case,328,0,327,21514.868766507014
DNA,329,0,16,1052.7152913275604
Worst-Case,329,0,327,21514.868766507014
DNA,330,0,16,1052.7152913275604
Worst-Case,330,0,327,21514.868766507014
DNA,331,0,16,1052.7152913275604
Worst-Case,331,0,327,21514.868766507014
DNA,332,0,16,1052.7152913275604
Worst-Case,332,0,327,21514.868766507014
DNA,333,0,16,1052.7152913275604
Worst-Case,333,0,327,21514.868766507014
DNA,334,0,16,1052.7152913275604
Worst-Case,334,0,327,21514.868766507014
DNA,335,0,16,1052.7152913275604
Worst-Case,335,0,327,21514.868766507014
DNA,336,0,16,1052.7152913275604
Worst-Case,336,0,327,21514.868766507014
DNA,337,0,16,1052.7152913275604
Worst-Case,337,0,327,21514.868766507014
DNA,338,0,16,1052.7152913275604
Worst-Case,338,0,327,21514.868766507014
DNA,339,0,16,1052.7152913275604
Worst-Case,339,0,327,21514.868766507014
DNA,340,0,16,1052.7152913275604
Worst-Case,340,0,327,21514.868766507014
DNA,341,0,16,1052.7152913275604
Worst-Case,341,0,327,21514.868766507014
DNA,342,0,16,1052.7152913275604
Worst-Case,342,0,327,21514.868766507014
DNA,343,0,16,1052.7152913275604
Worst-Case,343,0,327,21514.868766507014
DNA,344,0,16,1052.7152913275604
Worst-Case,344,0,327,21514.868766507014
DNA,345,0,16,1052.7152913275604
Worst-Case,345,0,327,21514.868766507014
DNA,346,0,16,1052.7152913275604
Worst-Case,346,0,327,21514.868766507014
DNA,347,0,16,1052.7152913275604
Worst-Case,347,0,327,21514.868766507014
DNA,348,0,16,1052.7152913275604
Worst-Case,348,0,327,21514.868766507014
DNA,349,0,16,1052.7152913275604
Worst-Case,349,0,327,21514.868766507014
DNA,350,0,16,1052.7152913275604
Worst-Case,350,0,327,21514.868766507014
DNA,351,0,16,1052.7152913275604
Worst-Case,351,0,327,21514.868766507014
DNA,352,0,16,1052.7152913275604
Worst-Case,352,0,327,21514.868766507014
DNA,353,0,16,1052.7152913275604
Worst-Case,353,0,327,21514.868766507014
DNA,354,0,16,1052.7152913275604
Worst-Case,354,0,327,21514.868766507014
DNA,355,0,16,1052.7152913275604
Worst-Case,355,0,327,21514.868766507014
DNA,356,0,16,1052.7152913275604
Worst-Case,356,0,327,21514.868766507014
DNA,357,0,16,1052.7152913275604
Worst-Case,357,0,327,21514.868766507014
DNA,358,0,16,1052.7152913275604
Worst-Case,358,0,327,21514.868766507014
DNA,359,0,16,1052.7152913275604
Worst-Case,359,0,327,21514.868766507014
DNA,360,0,16,1052.7152913275604
Worst-Case,360,0,327,21514.868766507014
DNA,361,0,16,1052.7152913275604
Worst-Case,361,0,327,21514.868766507014
DNA,362,0,16,1052.7152913275604
Worst-Case,362,0,327,21514.868766507014
DNA,363,0,16,1052.7152913275604
Worst-Case,363,0,327,21514.868766507014
DNA,364,0,16,1052.7152913275604
Worst-Case,364,0,327,21514.868766507014
DNA,365,0,16,1052.7152913275604
Worst-Case,365,0,327,21514.868766507014
DNA,366,0,16,1052.7152913275604
Worst-Case,366,0,327,21514.868766507014
DNA,367,0,16,1052.7152913275604
Worst-Case,367,0,327,21514.868766507014
DNA,368,0,16,1052.7152913275604
Worst-Case,368,0,327,21514.868766507014
DNA,369,0,16,1052.7152913275604
Worst-Case,369,0,327,21514.868766507014
DNA,370,0,16,1052.7152913275604
Worst-Case,370,0,327,21514.868766507014
DNA,371,0,16,1052.7152913275604
Worst-Case,371,0,327,21514.868766507014
DNA,372,0,16,1052.7152913275604
Worst-Case,372,0,327,21514.868766507014
DNA,373,0,16,1052.7152913275604
Worst-Case,373,0,327,21514.868766507014
DNA,374,0,16,1052.7152913275604
Worst-Case,374,0,327,21514.868766507014
DNA,375,0,16,1052.7152913275604
Worst-Case,375,0,327,21514.868766507014
DNA,376,0,16,1052.7152913275604
Worst-Case,376,0,327,21514.868766507014
DNA,377,0,16,1052.7152913275604
Worst-Case,377,0,327,21514.868766507014
DNA,378,0,16,1052.7152913275604
Worst-Case,378,0,327,21514.868766507014
DNA,379,0,16,1052.7152913275604
Worst-Case,379,0,327,21514.868766507014
DNA,380,0,16,1052.7152913275604
Worst-Case,380,0,327,21514.868766507014
DNA,381,0,16,1052.7152913275604
Worst-Case,381,0,327,21514.868766507014
DNA,382,0,16,1052.7152913275604
Worst-Case,382,0,327,21514.868766507014
DNA,383,0,16,1052.7152913275604
Worst-Case,383,0,327,21514.868766507014
DNA,384,0,16,1052.7152913275604
Worst-Case,384,0,327,21514.868766507014
DNA,385,0,16,1052.7152913275604
Worst-Case,385,0,327,21514.868766507014
DNA,386,0,16,1052.7152913275604
Worst-Case,386,0,327,21514.868766507014
DNA,387,0,16,1052.7152913275604
Worst-Case,387,0,327,21514.868766507014
DNA,388,0,16,1052.7152913275604
Worst-Case,388,0,327,21514.868766507014
DNA,389,0,16,1052.7152913275604
Worst-Case,389,0,327,21514.868766507014
DNA,390,0,16,1052.7152913275604
Worst-Case,390,0,327,21514.868766507014
DNA,391,0,16,1052.7152913275604
Worst-Case,391,0,327,21514.868766507014
DNA,392,0,16,1052.7152913275604
Worst-Case,392,0,327,21514.868766507014
DNA,393,0,16,1052.7152913275604
Worst-Case,393,0,327,21514.868766507014
DNA,394,0,16,1052.7152913275604
Worst-Case,394,0,327,21514.868766507014
DNA,395,0,16,1052.7152913275604
Worst-Case,395,0,327,21514.868766507014
DNA,396,0,16,1052.7152913275604
Worst-Case,396,0,327,21514.868766507014
DNA,397,0,16,1052.7152913275604
Worst-Case,397,0,327,21514.868766507014
DNA,398,0,16,1052.7152913275604
Worst-Case,398,0,327,21514.868766507014
DNA,399,0,16,1052.7152913275604
Worst-Case,399,0,327,21514.868766507014
DNA,400,0,16,1052.7152913275604
Worst-Case,400,0,327,21514.868766507014
DNA,401,0,16,1052.7152913275604
Worst-Case,401,0,327,21514.868766507014
DNA,402,0,16,1052.7152913275604
Worst-Case,402,0,327,21514.868766507014
DNA,403,0,16,1052.7152913275604
Worst-Case,403,0,327,21514.868766507014
DNA,404,0,16,1052.7152913275604
Worst-Case,404,0,327,21514.868766507014
DNA,405,0,16,1052.7152913275604
Worst-Case,405,0,327,21514.868766507014
DNA,406,0,16,1052.7152913275604
Worst-Case,406,0,327,21514.868766507014
DNA,407,0,16,1052.7152913275604
Worst-Case,407,0,327,21514.868766507014
DNA,408,0,16,1052.7152913275604
Worst-Case,408,0,327,21514.868766507014
DNA,409,0,16,1052.7152913275604
Worst-Case,409,0,327,21514.868766507014
DNA,410,0,16,1052.7152913275604
Worst-Case,410,0,327,21514.868766507014
DNA,411,0,16,1052.7152913275604
Worst-Case,411,0,327,21514.868766507014
DNA,412,0,16,1052.7152913275604
Worst-Case,412,0,327,21514.868766507014
DNA,413,0,16,1052.7152913275604
Worst-Case,413,0,327,21514.868766507014
DNA,414,0,16,1052.7152913275604
Worst-Case,414,0,327,21514.868766507014
DNA,415,0,16,1052.7152913275604
Worst-Case,415,0,327,21514.868766507014
DNA,416,0,16,1052.7152913275604
Worst-Case,416,0,327,21514.868766507014
DNA,417,0,16,1052.7152913275604
Worst-Case,417,0,327,21514.868766507014
DNA,418,0,16,1052.7152913275604
Worst-Case,418,0,327,21514.868766507014
DNA,419,0,16,1052.7152913275604
Worst-Case,419,0,327,21514.868766507014
DNA,420,0,16,1052.7152913275604
Worst-Case,420,0,327,21514.868766507014
DNA,421,0,16,1052.7152913275604
Worst-Case,421,0,327,21514.868766507014
DNA,422,0,16,1052.7152913275604
Worst-Case,422,0,327,21514.868766507014
DNA,423,0,16,1052.7152913275604
Worst-Case,423,0,327,21514.868766507014
DNA,424,0,16,1052.7152913275604
Worst-Case,424,0,327,21514.868766507014
DNA,425,0,16,1052.7152913275604
Worst-Case,425,0,327,21514.868766507014
DNA,426,0,16,1052.7152913275604
Worst-Case,426,0,327,21514.868766507014
DNA,427,0,16,1052.7152913275604
Worst-Case,427,0,327,21514.868766507014
DNA,428,0,16,1052.7152913275604
Worst-Case,428,0,327,21514.868766507014
DNA,429,0,16,1052.7152913275604
Worst-Case,429,0,327,21514.868766507014
DNA,430,0,16,1052.7152913275604
Worst-Case,430,0,327,21514.868766507014
DNA,431,0,16,1052.7152913275604
Worst-Case,431,0,327,21514.868766507014
DNA,432,0,16,1052.7152913275604
Worst-Case,432,0,327,21514.868766507014
DNA,433,0,16,1052.7152913275604
Worst-Case,433,0,327,21514.868766507014
DNA,434,0,16,1052.7152913275604
Worst-Case,434,0,327,21514.868766507014
DNA,435,0,16,1052.7152913275604
Worst-Case,435,0,327,21514.868766507014
DNA,436,0,16,1052.7152913275604
Worst-Case,436,0,327,21514.868766507014
DNA,437,0,16,1052.7152913275604
Worst-Case,437,0,327,21514.868766507014
DNA,438,0,16,1052.7152913275604
Worst-Case,438,0,327,21514.868766507014
DNA,439,0,16,1052.7152913275604
Worst-Case,439,0,327,21514.868766507014
DNA,440,0,16,1052.7152913275604
Worst-Case,440,0,327,21514.868766507014
DNA,441,0,16,1052.7152913275604
Worst-Case,441,0,327,21514.868766507014
DNA,442,0,16,1052.7152913275604
Worst-Case,442,0,327,21514.868766507014
DNA,443,0,16,1052.7152913275604
Worst-Case,443,0,327,21514.868766507014
DNA,444,0,16,1052.7152913275604
Worst-Case,444,0,327,21514.868766507014
DNA,445,0,16,1052.7152913275604
Worst-Case,445,0,327,21514.868766507014
DNA,446,0,16,1052.7152913275604
Worst-Case,446,0,327,21514.868766507014
DNA,447,0,16,1052.7152913275604
Worst-Case,447,0,327,21514.868766507014
DNA,448,0,16,1052.7152913275604
Worst-Case,448,0,327,21514.868766507014
DNA,449,0,16,1052.7152913275604
Worst-Case,449,0,327,21514.868766507014
DNA,450,0,16,1052.7152913275604
Worst-Case,450,0,327,21514.868766507014
DNA,451,0,16,1052.7152913275604
Worst-Case,451,0,327,21514.868766507014
DNA,452,0,16,1052.7152913275604
Worst-Case,452,0,327,21514.868766507014
DNA,453,0,16,1052.7152913275604
Worst-Case,453,0,327,21514.868766507014
DNA,454,0,16,1052.7152913275604
Worst-Case,454,0,327,21514.868766507014
DNA,455,0,16,1052.7152913275604
Worst-Case,455,0,327,21514.868766507014
DNA,456,0,16,1052.7152913275604
Worst-Case,456,0,327,21514.868766507014
DNA,457,0,16,1052.7152913275604
Worst-Case,457,0,327,21514.868766507014
DNA,458,0,16,1052.7152913275604
Worst-Case,458,0,327,21514.868766507014
DNA,459,0,16,1052.7152913275604
Worst-Case,459,0,327,21514.868766507014
DNA,460,0,16,1052.7152913275604
Worst-Case,460,0,327,21514.868766507014
DNA,461,0,16,1052.7152913275604
Worst-Case,461,0,327,21514.868766507014
DNA,462,0,16,1052.7152913275604
Worst-Case,462,0,327,21514.868766507014
DNA,463,0,16,1052.7152913275604
Worst-Case,463,0,327,21514.868766507014
DNA,464,0,16,1052.7152913275604
Worst-Case,464,0,327,21514.868766507014
DNA,465,0,16,1052.7152913275604
Worst-Case,465,0,327,21514.868766507014
DNA,466,0,16,1052.7152913275604
Worst-Case,466,0,327,21514.868766507014
DNA,467,0,16,1052.7152913275604
Worst-Case,467,0,327,21514.868766507014
DNA,468,0,16,1052.7152913275604
Worst-Case,468,0,327,21514.868766507014
DNA,469,0,16,1052.7152913275604
Worst-Case,469,0,327,21514.868766507014
DNA,470,0,16,1052.7152913275604
Worst-Case,470,0,327,21514.868766507014
DNA,471,0,16,1052.7152913275604
Worst-Case,471,0,327,21514.868766507014
DNA,472,0,16,1052.7152913275604
Worst-Case,472,0,327,21514.868766507014
DNA,473,0,16,1052.7152913275604
Worst-Case,473,0,327,21514.868766507014
DNA,474,0,16,1052.7152913275604
Worst-Case,474,0,327,21514.868766507014
DNA,475,0,16,1052.7152913275604
Worst-Case,475,0,327,21514.868766507014
DNA,476,0,16,1052.7152913275604
Worst-Case,476,0,327,21514.868766507014
DNA,477,0,16,1052.7152913275604
Worst-Case,477,0,327,21514.868766507014
DNA,478,0,16,1052.7152913275604
Worst-Case,478,0,327,21514.868766507014
DNA,479,0,16,1052.7152913275604
Worst-Case,479,0,327,21514.868766507014
DNA,480,0,16,1052.7152913275604
Worst-Case,480,0,327,21514.868766507014
DNA,481,0,16,1052.7152913275604
Worst-Case,481,0,327,21514.868766507014
DNA,482,0,16,1052.7152913275604
Worst-Case,482,0,327,21514.868766507014
DNA,483,0,16,1052.7152913275604
Worst-Case,483,0,327,21514.868766507014
DNA,484,0,16,1052.7152913275604
Worst-Case,484,0,327,21514.868766507014
DNA,485,0,16,1052.7152913275604
Worst-Case,485,0,327,21514.868766507014
DNA,486,0,16,1052.7152913275604
Worst-Case,486,0,327,21514.868766507014
DNA,487,0,16,1052.7152913275604
Worst-Case,487,0,327,21514.868766507014
DNA,488,0,16,1052.7152913275604
Worst-Case,488,0,327,21514.868766507014
DNA,489,0,16,1052.7152913275604
Worst-Case,489,0,327,21514.868766507014
DNA,490,0,16,1052.7152913275604
Worst-Case,490,0,327,21514.868766507014
DNA,491,0,16,1052.7152913275604
Worst-Case,491,0,327,21514.868766507014
DNA,492,0,16,1052.7152913275604
Worst-Case,492,0,327,21514.868766507014
DNA,493,0,16,1052.7152913275604
Worst-Case,493,0,327,21514.868766507014
DNA,494,0,16,1052.7152913275604
Worst-Case,494,0,327,21514.868766507014
DNA,495,0,16,1052.7152913275604
Worst-Case,495,0,327,21514.868766507014
DNA,496,0,16,1052.7152913275604
Worst-Case,496,0,327,21514.868766507014
DNA,497,0,16,1052.7152913275604
Worst-Case,497,0,327,21514.868766507014
DNA,498,0,16,1052.7152913275604
Worst-Case,498,0,327,21514.868766507014
DNA,499,0,16,1052.7152913275604
Worst-Case,499,0,327,21514.868766507014
DNA,500,0,16,1052.7152913275604
Worst-Case,500,0,327,21514.868766507014
DNA,501,0,16,1052.7152913275604
Worst-Case,501,0,327,21514.868766507014
DNA,502,0,16,1052.7152913275604
Worst-Case,502,0,327,21514.868766507014
DNA,503,0,16,1052.7152913275604
Worst-Case,503,0,327,21514.868766507014
DNA,504,0,16,1052.7152913275604
Worst-Case,504,0,327,21514.868766507014
DNA,505,0,16,1052.7152913275604
Worst-Case,505,0,327,21514.868766507014
DNA,506,0,16,1052.7152913275604
Worst-Case,506,0,327,21514.868766507014
DNA,507,0,16,1052.7152913275604
Worst-Case,507,0,327,21514.868766507014
DNA,508,0,16,1052.7152913275604
Worst-Case,508,0,327,21514.868766507014
DNA,509,0,16,1052.7152913275604
Worst-Case,509,0,327,21514.868766507014
DNA,510,0,16,1052.7152913275604
Worst-Case,510,0,327,21514.868766507014
DNA,511,0,16,1052.7152913275604
Worst-Case,511,0,327,21514.868766507014
DNA,512,0,16,1052.7152913275604
Worst-Case,512,0,327,21514.868766507014
DNA,513,0,16,1052.7152913275604
Worst-Case,513,0,327,21514.868766507014
DNA,514,0,16,1052.7152913275604
Worst-Case,514,0,327,21514.868766507014
DNA,515,0,16,1052.7152913275604
Worst-Case,515,0,327,21514.868766507014
DNA,516,0,16,1052.7152913275604
Worst-Case,516,0,327,21514.868766507014
DNA,517,0,16,1052.7152913275604
Worst-Case,517,0,327,21514.868766507014
DNA,518,0,16,1052.7152913275604
Worst-Case,518,0,327,21514.868766507014
DNA,519,0,16,1052.7152913275604
Worst-Case,519,0,327,21514.868766507014
DNA,520,0,16,1052.7152913275604
Worst-Case,520,0,327,21514.868766507014
DNA,521,0,16,1052.7152913275604
Worst-Case,521,0,327,21514.868766507014
DNA,522,0,16,1052.7152913275604
Worst-Case,522,0,327,21514.868766507014
DNA,523,0,16,1052.7152913275604
Worst-Case,523,0,327,21514.868766507014
DNA,524,0,16,1052.7152913275604
Worst-Case,524,0,327,21514.868766507014
DNA,525,0,16,1052.7152913275604
Worst-Case,525,0,327,21514.868766507014
DNA,526,0,16,1052.7152913275604
Worst-Case,526,0,327,21514.868766507014
DNA,527,0,16,1052.7152913275604
Worst-Case,527,0,327,21514.868766507014
DNA,528,0,16,1052.7152913275604
Worst-Case,528,0,327,21514.868766507014
DNA,529,0,16,1052.7152913275604
Worst-Case,529,0,327,21514.868766507014
DNA,530,0,16,1052.7152913275604
Worst-Case,530,0,327,21514.868766507014
DNA,531,0,16,1052.7152913275604
Worst-Case,531,0,327,21514.868766507014
DNA,532,0,16,1052.7152913275604
Worst-Case,532,0,327,21514.868766507014
DNA,533,0,16,1052.7152913275604
Worst-Case,533,0,327,21514.868766507014
DNA,534,0,16,1052.7152913275604
Worst-Case,534,0,327,21514.868766507014
DNA,535,0,16,1052.7152913275604
Worst-Case,535,0,327,21514.868766507014
DNA,536,0,16,1052.7152913275604
Worst-Case,536,0,327,21514.868766507014
DNA,537,0,16,1052.7152913275604
Worst-Case,537,0,327,21514.868766507014
DNA,538,0,16,1052.7152913275604
Worst-Case,538,0,327,21514.868766507014
DNA,539,0,16,1052.7152913275604
Worst-Case,539,0,327,21514.868766507014
DNA,540,0,16,1052.7152913275604
Worst-Case,540,0,327,21514.868766507014
DNA,541,0,16,1052.7152913275604
Worst-Case,541,0,327,21514.868766507014
DNA,542,0,16,1052.7152913275604
Worst-Case,542,0,327,21514.868766507014
DNA,543,0,16,1052.7152913275604
Worst-Case,543,0,327,21514.868766507014
DNA,544,0,16,1052.7152913275604
Worst-Case,544,0,327,21514.868766507014
DNA,545,0,16,1052.7152913275604
Worst-Case,545,0,327,21514.868766507014
DNA,546,0,16,1052.7152913275604
Worst-Case,546,0,327,21514.868766507014
DNA,547,0,16,1052.7152913275604
Worst-Case,547,0,327,21514.868766507014
DNA,548,0,16,1052.7152913275604
Worst-Case,548,0,327,21514.868766507014
DNA,549,0,16,1052.7152913275604
Worst-Case,549,0,327,21514.868766507014
DNA,550,0,16,1052.7152913275604
Worst-Case,550,0,327,21514.868766507014
DNA,551,0,16,1052.7152913275604
Worst-Case,551,0,327,21514.868766507014
DNA,552,0,16,1052.7152913275604
Worst-Case,552,0,327,21514.868766507014
DNA,553,0,16,1052.7152913275604
Worst-Case,553,0,327,21514.868766507014
DNA,554,0,16,1052.7152913275604
Worst-Case,554,0,327,21514.868766507014
DNA,555,0,16,1052.7152913275604
Worst-Case,555,0,327,21514.868766507014
DNA,556,0,16,1052.7152913275604
Worst-Case,556,0,327,21514.868766507014
DNA,557,0,16,1052.7152913275604
Worst-Case,557,0,327,21514.868766507014
DNA,558,0,16,1052.7152913275604
Worst-Case,558,0,327,21514.868766507014
DNA,559,0,16,1052.7152913275604
Worst-Case,559,0,327,21514.868766507014
DNA,560,0,16,1052.7152913275604
Worst-Case,560,0,327,21514.868766507014
DNA,561,0,16,1052.7152913275604
Worst-Case,561,0,327,21514.868766507014
DNA,562,0,16,1052.7152913275604
Worst-Case,562,0,327,21514.868766507014
DNA,563,0,16,1052.7152913275604
Worst-Case,563,0,327,21514.868766507014
DNA,564,0,16,1052.7152913275604
Worst-Case,564,0,327,21514.868766507014
DNA,565,0,16,1052.7152913275604
Worst-Case,565,0,327,21514.868766507014
DNA,566,0,16,1052.7152913275604
Worst-Case,566,0,327,21514.868766507014
DNA,567,0,16,1052.7152913275604
Worst-Case,567,0,327,21514.868766507014
DNA,568,0,16,1052.7152913275604
Worst-Case,568,0,327,21514.868766507014
DNA,569,0,16,1052.7152913275604
Worst-Case,569,0,327,21514.868766507014
DNA,570,0,16,1052.7152913275604
Worst-Case,570,0,327,21514.868766507014
DNA,571,0,16,1052.7152913275604
Worst-Case,571,0,327,21514.868766507014
DNA,572,0,16,1052.7152913275604
Worst-Case,572,0,327,21514.868766507014
DNA,573,0,16,1052.7152913275604
Worst-Case,573,0,327,21514.868766507014
DNA,574,0,16,1052.7152913275604
Worst-Case,574,0,327,21514.868766507014
DNA,575,0,16,1052.7152913275604
Worst-Case,575,0,327,21514.868766507014
DNA,576,0,16,1052.7152913275604
Worst-Case,576,0,327,21514.868766507014
DNA,577,0,16,1052.7152913275604
Worst-Case,577,0,327,21514.868766507014
DNA,578,0,16,1052.7152913275604
Worst-Case,578,0,327,21514.868766507014
DNA,579,0,16,1052.7152913275604
Worst-Case,579,0,327,21514.868766507014
DNA,580,0,16,1052.7152913275604
Worst-Case,580,0,327,21514.868766507014
DNA,581,0,16,1052.7152913275604
Worst-Case,581,0,327,21514.868766507014
DNA,582,0,16,1052.7152913275604
Worst-Case,582,0,327,21514.868766507014
DNA,583,0,16,1052.7152913275604
Worst-Case,583,0,327,21514.868766507014
DNA,584,0,16,1052.7152913275604
Worst-Case,584,0,327,21514.868766507014
DNA,585,0,16,1052.7152913275604
Worst-Case,585,0,327,21514.868766507014
DNA,586,0,16,1052.7152913275604
Worst-Case,586,0,327,21514.868766507014
DNA,587,0,16,1052.7152913275604
Worst-Case,587,0,327,21514.868766507014
DNA,588,0,16,1052.7152913275604
Worst-Case,588,0,327,21514.868766507014
DNA,589,0,16,1052.7152913275604
Worst-Case,589,0,327,21514.868766507014
DNA,590,0,16,1052.7152913275604
Worst-Case,590,0,327,21514.868766507014
DNA,591,0,16,1052.7152913275604
Worst-Case,591,0,327,21514.868766507014
DNA,592,0,16,1052.7152913275604
Worst-Case,592,0,327,21514.868766507014
DNA,593,0,16,1052.7152913275604
Worst-Case,593,0,327,21514.868766507014
DNA,594,0,16,1052.7152913275604
Worst-Case,594,0,327,21514.868766507014
DNA,595,0,16,1052.7152913275604
Worst-Case,595,0,327,21514.868766507014
DNA,596,0,16,1052.7152913275604
Worst-Case,596,0,327,21514.868766507014
DNA,597,0,16,1052.7152913275604
Worst-Case,597,0,327,21514.868766507014
DNA,598,0,16,1052.7152913275604
Worst-Case,598,0,327,21514.868766507014
DNA,599,0,16,1052.7152913275604
Worst-Case,599,0,327,21514.868766507014
DNA,600,0,16,1052.7152913275604
Worst-Case,600,0,327,21514.868766507014
DNA,601,0,16,1052.7152913275604
Worst-Case,601,0,327,21514.868766507014
DNA,602,0,16,1052.7152913275604
Worst-Case,602,0,327,21514.868766507014
DNA,603,0,16,1052.7152913275604
Worst-Case,603,0,327,21514.868766507014
DNA,604,0,16,1052.7152913275604
Worst-Case,604,0,327,21514.868766507014
DNA,605,0,16,1052.7152913275604
Worst-Case,605,0,327,21514.868766507014
DNA,606,0,16,1052.7152913275604
Worst-Case,606,0,327,21514.868766507014
DNA,607,0,16,1052.7152913275604
Worst-Case,607,0,327,21514.868766507014
DNA,608,0,16,1052.7152913275604
Worst-Case,608,0,327,21514.868766507014
DNA,609,0,16,1052.7152913275604
Worst-Case,609,0,327,21514.868766507014
DNA,610,0,16,1052.7152913275604
Worst-Case,610,0,327,21514.868766507014
DNA,611,0,16,1052.7152913275604
Worst-Case,611,0,327,21514.868766507014
DNA,612,0,16,1052.7152913275604
Worst-Case,612,0,327,21514.868766507014
DNA,613,0,16,1052.7152913275604
Worst-Case,613,0,327,21514.868766507014
DNA,614,0,16,1052.7152913275604
Worst-Case,614,0,327,21514.868766507014
DNA,615,0,16,1052.7152913275604
Worst-Case,615,0,327,21514.868766507014
DNA,616,0,16,1052.7152913275604
Worst-Case,616,0,327,21514.868766507014
DNA,617,0,16,1052.7152913275604
Worst-Case,617,0,327,21514.868766507014
DNA,618,0,16,1052.7152913275604
Worst-Case,618,0,327,21514.868766507014
DNA,619,0,16,1052.7152913275604
Worst-Case,619,0,327,21514.868766507014
DNA,620,0,16,1052.7152913275604
Worst-Case,620,0,327,21514.868766507014
DNA,621,0,16,1052.7152913275604
Worst-Case,621,0,327,21514.868766507014
DNA,622,0,16,1052.7152913275604
Worst-Case,622,0,327,21514.868766507014
DNA,623,0,16,1052.7152913275604
Worst-Case,623,0,327,21514.868766507014
DNA,624,0,16,1052.7152913275604
Worst-Case,624,0,327,21514.868766507014
DNA,625,0,16,1052.7152913275604
Worst-Case,625,0,327,21514.868766507014
DNA,626,0,16,1052.7152913275604
Worst-Case,626,0,327,21514.868766507014
DNA,627,0,16,1052.7152913275604
Worst-Case,627,0,327,21514.868766507014
DNA,628,0,16,1052.7152913275604
Worst-Case,628,0,327,21514.868766507014
DNA,629,0,16,1052.7152913275604
Worst-Case,629,0,327,21514.868766507014
DNA,630,0,16,1052.7152913275604
Worst-Case,630,0,327,21514.868766507014
DNA,631,0,16,1052.7152913275604
Worst-Case,631,0,327,21514.868766507014
DNA,632,0,16,1052.7152913275604
Worst-Case,632,0,327,21514.868766507014
DNA,633,0,16,1052.7152913275604
Worst-Case,633,0,327,21514.868766507014
DNA,634,0,16,1052.7152913275604
Worst-Case,634,0,327,21514.868766507014
DNA,635,0,16,1052.7152913275604
Worst-Case,635,0,327,21514.868766507014
DNA,636,0,16,1052.7152913275604
Worst-Case,636,0,327,21514.868766507014
DNA,637,0,16,1052.7152913275604
Worst-Case,637,0,327,21514.868766507014
DNA,638,0,16,1052.7152913275604
Worst-Case,638,0,327,21514.868766507014
DNA,639,0,16,1052.7152913275604
Worst-Case,639,0,327,21514.868766507014
DNA,640,0,16,1052.7152913275604
Worst-Case,640,0,327,21514.868766507014
DNA,641,0,16,1052.7152913275604
Worst-Case,641,0,327,21514.868766507014
DNA,642,0,16,1052.7152913275604
Worst-Case,642,0,327,21514.868766507014
DNA,643,0,16,1052.7152913275604
Worst-Case,643,0,327,21514.868766507014
DNA,644,0,16,1052.7152913275604
Worst-Case,644,0,327,21514.868766507014
DNA,645,0,16,1052.7152913275604
Worst-Case,645,0,327,21514.868766507014
DNA,646,0,16,1052.7152913275604
Worst-Case,646,0,327,21514.868766507014
DNA,647,0,16,1052.7152913275604
Worst-Case,647,0,327,21514.868766507014
DNA,648,0,16,1052.7152913275604
Worst-Case,648,0,327,21514.868766507014
DNA,649,0,16,1052.7152913275604
Worst-Case,649,0,327,21514.868766507014
DNA,650,0,16,1052.7152913275604
Worst-Case,650,0,327,21514.868766507014
DNA,651,0,16,1052.7152913275604
Worst-Case,651,0,327,21514.868766507014
DNA,652,0,16,1052.7152913275604
Worst-Case,652,0,327,21514.868766507014
DNA,653,0,16,1052.7152913275604
Worst-Case,653,0,327,21514.868766507014
DNA,654,0,16,1052.7152913275604
Worst-Case,654,0,327,21514.868766507014
DNA,655,0,16,1052.7152913275604
Worst-Case,655,0,327,21514.868766507014
DNA,656,0,16,1052.7152913275604
Worst-Case,656,0,327,21514.868766507014
DNA,657,0,16,1052.7152913275604
Worst-Case,657,0,327,21514.868766507014
DNA,658,0,16,1052.7152913275604
Worst-Case,658,0,327,21514.868766507014
DNA,659,0,16,1052.7152913275604
Worst-Case,659,0,327,21514.868766507014
DNA,660,0,16,1052.7152913275604
Worst-Case,660,0,327,21514.868766507014
DNA,661,0,16,1052.7152913275604
Worst-Case,661,0,327,21514.868766507014
DNA,662,0,16,1052.7152913275604
Worst-Case,662,0,327,21514.868766507014
DNA,663,0,16,1052.7152913275604
Worst-Case,663,0,327,21514.868766507014
DNA,664,0,16,1052.7152913275604
Worst-Case,664,0,327,21514.868766507014
DNA,665,0,16,1052.7152913275604
Worst-Case,665,0,327,21514.868766507014
DNA,666,0,16,1052.7152913275604
Worst-Case,666,0,327,21514.868766507014
DNA,667,0,16,1052.7152913275604
Worst-Case,667,0,327,21514.868766507014
DNA,668,0,16,1052.7152913275604
Worst-Case,668,0,327,21514.868766507014
DNA,669,0,16,1052.7152913275604
Worst-Case,669,0,327,21514.868766507014
DNA,670,0,16,1052.7152913275604
Worst-Case,670,0,327,21514.868766507014
DNA,671,0,16,1052.7152913275604
Worst-Case,671,0,327,21514.868766507014
DNA,672,0,16,1052.7152913275604
Worst-Case,672,0,327,21514.868766507014
DNA,673,0,16,1052.7152913275604
Worst-Case,673,0,327,21514.868766507014
DNA,674,0,16,1052.7152913275604
Worst-Case,674,0,327,21514.868766507014
DNA,675,0,16,1052.7152913275604
Worst-Case,675,0,327,21514.868766507014
DNA,676,0,16,1052.7152913275604
Worst-Case,676,0,327,21514.868766507014
DNA,677,0,16,1052.7152913275604
Worst-Case,677,0,327,21514.868766507014
DNA,678,0,16,1052.7152913275604
Worst-Case,678,0,327,21514.868766507014
DNA,679,0,16,1052.7152913275604
Worst-Case,679,0,327,21514.868766507014
DNA,680,0,16,1052.7152913275604
Worst-Case,680,0,327,21514.868766507014
DNA,681,0,16,1052.7152913275604
Worst-Case,681,0,327,21514.868766507014
DNA,682,0,16,1052.7152913275604
Worst-Case,682,0,327,21514.868766507014
DNA,683,0,16,1052.7152913275604
Worst-Case,683,0,327,21514.868766507014
DNA,684,0,16,1052.7152913275604
Worst-Case,684,0,327,21514.868766507014
DNA,685,0,16,1052.7152913275604
Worst-Case,685,0,327,21514.868766507014
DNA,686,0,16,1052.7152913275604
Worst-Case,686,0,327,21514.868766507014
DNA,687,0,16,1052.7152913275604
Worst-Case,687,0,327,21514.868766507014
DNA,688,0,16,1052.7152913275604
Worst-Case,688,0,327,21514.868766507014
DNA,689,0,16,1052.7152913275604
Worst-Case,689,0,327,21514.868766507014
DNA,690,0,16,1052.7152913275604
Worst-Case,690,0,327,21514.868766507014
DNA,691,0,16,1052.7152913275604
Worst-Case,691,0,327,21514.868766507014
DNA,692,0,16,1052.7152913275604
Worst-Case,692,0,327,21514.868766507014
DNA,693,0,16,1052.7152913275604
Worst-Case,693,0,327,21514.868766507014
DNA,694,0,16,1052.7152913275604
Worst-Case,694,0,327,21514.868766507014
DNA,695,0,16,1052.7152913275604
Worst-Case,695,0,327,21514.868766507014
DNA,696,0,16,1052.7152913275604
Worst-Case,696,0,327,21514.868766507014
DNA,697,0,16,1052.7152913275604
Worst-Case,697,0,327,21514.868766507014
DNA,698,0,16,1052.7152913275604
Worst-Case,698,0,327,21514.868766507014
DNA,699,0,16,1052.7152913275604
Worst-Case,699,0,327,21514.868766507014
DNA,700,0,16,1052.7152913275604
Worst-Case,700,0,327,21514.868766507014
DNA,701,0,16,1052.7152913275604
Worst-Case,701,0,327,21514.868766507014
DNA,702,0,16,1052.7152913275604
Worst-Case,702,0,327,21514.868766507014
DNA,703,0,16,1052.7152913275604
Worst-Case,703,0,327,21514.868766507014
DNA,704,0,16,1052.7152913275604
Worst-Case,704,0,327,21514.868766507014
DNA,705,0,16,1052.7152913275604
Worst-Case,705,0,327,21514.868766507014
DNA,706,0,16,1052.7152913275604
Worst-Case,706,0,327,21514.868766507014
DNA,707,0,16,1052.7152913275604
Worst-Case,707,0,327,21514.868766507014
DNA,708,0,16,1052.7152913275604
Worst-Case,708,0,327,21514.868766507014
DNA,709,0,16,1052.7152913275604
Worst-Case,709,0,327,21514.868766507014
DNA,710,0,16,1052.7152913275604
Worst-Case,710,0,327,21514.868766507014
DNA,711,0,16,1052.7152913275604
Worst-Case,711,0,327,21514.868766507014
DNA,712,0,16,1052.7152913275604
Worst-Case,712,0,327,21514.868766507014
DNA,713,0,16,1052.7152913275604
Worst-Case,713,0,327,21514.868766507014
DNA,714,0,16,1052.7152913275604
Worst-Case,714,0,327,21514.868766507014
DNA,715,0,16,1052.7152913275604
Worst-Case,715,0,327,21514.868766507014
DNA,716,0,16,1052.7152913275604
Worst-Case,716,0,327,21514.868766507014
DNA,717,0,16,1052.7152913275604
Worst-Case,717,0,327,21514.868766507014
DNA,718,0,16,1052.7152913275604
Worst-Case,718,0,327,21514.868766507014
DNA,719,0,16,1052.7152913275604
Worst-Case,719,0,327,21514.868766507014
DNA,720,0,16,1052.7152913275604
Worst-Case,720,0,327,21514.868766507014
DNA,721,0,16,1052.7152913275604
Worst-Case,721,0,327,21514.868766507014
DNA,722,0,16,1052.7152913275604
Worst-Case,722,0,327,21514.868766507014
DNA,723,0,16,1052.7152913275604
Worst-Case,723,0,327,21514.868766507014
DNA,724,0,16,1052.7152913275604
Worst-Case,724,0,327,21514.868766507014
DNA,725,0,16,1052.7152913275604
Worst-Case,725,0,327,21514.868766507014
DNA,726,0,16,1052.7152913275604
Worst-Case,726,0,327,21514.868766507014
DNA,727,0,16,1052.7152913275604
Worst-Case,727,0,327,21514.868766507014
DNA,728,0,16,1052.7152913275604
Worst-Case,728,0,327,21514.868766507014
DNA,729,0,16,1052.7152913275604
Worst-Case,729,0,327,21514.868766507014
DNA,730,0,16,1052.7152913275604
Worst-Case,730,0,327,21514.868766507014
DNA,731,0,16,1052.7152913275604
Worst-Case,731,0,327,21514.868766507014
DNA,732,0,16,1052.7152913275604
Worst-Case,732,0,327,21514.868766507014
DNA,733,0,16,1052.7152913275604
Worst-Case,733,0,327,21514.868766507014
DNA,734,0,16,1052.7152913275604
Worst-Case,734,0,327,21514.868766507014
DNA,735,0,16,1052.7152913275604
Worst-Case,735,0,327,21514.868766507014
DNA,736,0,16,1052.7152913275604
Worst-Case,736,0,327,21514.868766507014
DNA,737,0,16,1052.7152913275604
Worst-Case,737,0,327,21514.868766507014
DNA,738,0,16,1052.7152913275604
Worst-Case,738,0,327,21514.868766507014
DNA,739,0,16,1052.7152913275604
Worst-Case,739,0,327,21514.868766507014
DNA,740,0,16,1052.7152913275604
Worst-Case,740,0,327,21514.868766507014
DNA,741,0,16,1052.7152913275604
Worst-Case,741,0,327,21514.868766507014
DNA,742,0,16,1052.7152913275604
Worst-Case,742,0,327,21514.868766507014
DNA,743,0,16,1052.7152913275604
Worst-Case,743,0,327,21514.868766507014
DNA,744,0,16,1052.7152913275604
Worst-Case,744,0,327,21514.868766507014
DNA,745,0,16,1052.7152913275604
Worst-Case,745,0,327,21514.868766507014
DNA,746,0,16,1052.7152913275604
Worst-Case,746,0,327,21514.868766507014
DNA,747,0,16,1052.7152913275604
Worst-Case,747,0,327,21514.868766507014
DNA,748,0,16,1052.7152913275604
Worst-Case,748,0,327,21514.868766507014
DNA,749,0,16,1052.7152913275604
Worst-Case,749,0,327,21514.868766507014
DNA,750,0,16,1052.7152913275604
Worst-Case,750,0,327,21514.868766507014
DNA,751,0,16,1052.7152913275604
Worst-Case,751,0,327,21514.868766507014
DNA,752,0,16,1052.7152913275604
Worst-Case,752,0,327,21514.868766507014
DNA,753,0,16,1052.7152913275604
Worst-Case,753,0,327,21514.868766507014
DNA,754,0,16,1052.7152913275604
Worst-Case,754,0,327,21514.868766507014
DNA,755,0,16,1052.7152913275604
Worst-Case,755,0,327,21514.868766507014
DNA,756,0,16,1052.7152913275604
Worst-Case,756,0,327,21514.868766507014
DNA,757,0,16,1052.7152913275604
Worst-Case,757,0,327,21514.868766507014
DNA,758,0,16,1052.7152913275604
Worst-Case,758,0,327,21514.868766507014
DNA,759,0,16,1052.7152913275604
Worst-Case,759,0,327,21514.868766507014
DNA,760,0,16,1052.7152913275604
Worst-Case,760,0,327,21514.868766507014
DNA,761,0,16,1052.7152913275604
Worst-Case,761,0,327,21514.868766507014
DNA,762,0,16,1052.7152913275604
Worst-Case,762,0,327,21514.868766507014
DNA,763,0,16,1052.7152913275604
Worst-Case,763,0,327,21514.868766507014
DNA,764,0,16,1052.7152913275604
Worst-Case,764,0,327,21514.868766507014
DNA,765,0,16,1052.7152913275604
Worst-Case,765,0,327,21514.868766507014
DNA,766,0,16,1052.7152913275604
Worst-Case,766,0,327,21514.868766507014
DNA,767,0,16,1052.7152913275604
Worst-Case,767,0,327,21514.868766507014
DNA,768,0,16,1052.7152913275604
Worst-Case,768,0,327,21514.868766507014
DNA,769,0,16,1052.7152913275604
Worst-Case,769,0,327,21514.868766507014
DNA,770,0,16,1052.7152913275604
Worst-Case,770,0,327,21514.868766507014
DNA,771,0,16,1052.7152913275604
Worst-Case,771,0,327,21514.868766507014
DNA,772,0,16,1052.7152913275604
Worst-Case,772,0,327,21514.868766507014
DNA,773,0,16,1052.7152913275604
Worst-Case,773,0,327,21514.868766507014
DNA,774,0,16,1052.7152913275604
Worst-Case,774,0,327,21514.868766507014
DNA,775,0,16,1052.7152913275604
Worst-Case,775,0,327,21514.868766507014
DNA,776,0,16,1052.7152913275604
Worst-Case,776,0,327,21514.868766507014
DNA,777,0,16,1052.7152913275604
Worst-Case,777,0,327,21514.868766507014
DNA,778,0,16,1052.7152913275604
Worst-Case,778,0,327,21514.868766507014
DNA,779,0,16,1052.7152913275604
Worst-Case,779,0,327,21514.868766507014
DNA,780,0,16,1052.7152913275604
Worst-Case,780,0,327,21514.868766507014
DNA,781,0,16,1052.7152913275604
Worst-Case,781,0,327,21514.868766507014
DNA,782,0,16,1052.7152913275604
Worst-Case,782,0,327,21514.868766507014
DNA,783,0,16,1052.7152913275604
Worst-Case,783,0,327,21514.868766507014
DNA,784,0,16,1052.7152913275604
Worst-Case,784,0,327,21514.868766507014
DNA,785,0,16,1052.7152913275604
Worst-Case,785,0,327,21514.868766507014
DNA,786,0,16,1052.7152913275604
Worst-Case,786,0,327,21514.868766507014
DNA,787,0,16,1052.7152913275604
Worst-Case,787,0,327,21514.868766507014
DNA,788,0,16,1052.7152913275604
Worst-Case,788,0,327,21514.868766507014
DNA,789,0,16,1052.7152913275604
Worst-Case,789,0,327,21514.868766507014
DNA,790,0,16,1052.7152913275604
Worst-Case,790,0,327,21514.868766507014
DNA,791,0,16,1052.7152913275604
Worst-Case,791,0,327,21514.868766507014
DNA,792,0,16,1052.7152913275604
Worst-Case,792,0,327,21514.868766507014
DNA,793,0,16,1052.7152913275604
Worst-Case,793,0,327,21514.868766507014
DNA,794,0,16,1052.7152913275604
Worst-Case,794,0,327,21514.868766507014
DNA,795,0,16,1052.7152913275604
Worst-Case,795,0,327,21514.868766507014
DNA,796,0,16,1052.7152913275604
Worst-Case,796,0,327,21514.868766507014
DNA,797,0,16,1052.7152913275604
Worst-Case,797,0,327,21514.868766507014
DNA,798,0,16,1052.7152913275604
Worst-Case,798,0,327,21514.868766507014
DNA,799,0,16,1052.7152913275604
Worst-Case,799,0,327,21514.868766507014
DNA,800,0,16,1052.7152913275604
Worst-Case,800,0,327,21514.868766507014
DNA,801,0,16,1052.7152913275604
Worst-Case,801,0,327,21514.868766507014
DNA,802,0,16,1052.7152913275604
Worst-Case,802,0,327,21514.868766507014
DNA,803,0,16,1052.7152913275604
Worst-Case,803,0,327,21514.868766507014
DNA,804,0,16,1052.7152913275604
Worst-Case,804,0,327,21514.868766507014
DNA,805,0,16,1052.7152913275604
Worst-Case,805,0,327,21514.868766507014
DNA,806,0,16,1052.7152913275604
Worst-Case,806,0,327,21514.868766507014
DNA,807,0,16,1052.7152913275604
Worst-Case,807,0,327,21514.868766507014
DNA,808,0,16,1052.7152913275604
Worst-Case,808,0,327,21514.868766507014
DNA,809,0,16,1052.7152913275604
Worst-Case,809,0,327,21514.868766507014
DNA,810,0,16,1052.7152913275604
Worst-Case,810,0,327,21514.868766507014
DNA,811,0,16,1052.7152913275604
Worst-Case,811,0,327,21514.868766507014
DNA,812,0,16,1052.7152913275604
Worst-Case,812,0,327,21514.868766507014
DNA,813,0,16,1052.7152913275604
Worst-Case,813,0,327,21514.868766507014
DNA,814,0,16,1052.7152913275604
Worst-Case,814,0,327,21514.868766507014
DNA,815,0,16,1052.7152913275604
Worst-Case,815,0,327,21514.868766507014
DNA,816,0,16,1052.7152913275604
Worst-Case,816,0,327,21514.868766507014
DNA,817,0,16,1052.7152913275604
Worst-Case,817,0,327,21514.868766507014
DNA,818,0,16,1052.7152913275604
Worst-Case,818,0,327,21514.868766507014
DNA,819,0,16,1052.7152913275604
Worst-Case,819,0,327,21514.868766507014
DNA,820,0,16,1052.7152913275604
Worst-Case,820,0,327,21514.868766507014
DNA,821,0,16,1052.7152913275604
Worst-Case,821,0,327,21514.868766507014
DNA,822,0,16,1052.7152913275604
Worst-Case,822,0,327,21514.868766507014
DNA,823,0,16,1052.7152913275604
Worst-Case,823,0,327,21514.868766507014
DNA,824,0,16,1052.7152913275604
Worst-Case,824,0,327,21514.868766507014
DNA,825,0,16,1052.7152913275604
Worst-Case,825,0,327,21514.868766507014
DNA,826,0,16,1052.7152913275604
Worst-Case,826,0,327,21514.868766507014
DNA,827,0,16,1052.7152913275604
Worst-Case,827,0,327,21514.868766507014
DNA,828,0,16,1052.7152913275604
Worst-Case,828,0,327,21514.868766507014
DNA,829,0,16,1052.7152913275604
Worst-Case,829,0,327,21514.868766507014
DNA,830,0,16,1052.7152913275604
Worst-Case,830,0,327,21514.868766507014
DNA,831,0,16,1052.7152913275604
Worst-Case,831,0,327,21514.868766507014
DNA,832,0,16,1052.7152913275604
Worst-Case,832,0,327,21514.868766507014
DNA,833,0,16,1052.7152913275604
Worst-Case,833,0,327,21514.868766507014
DNA,834,0,16,1052.7152913275604
Worst-Case,834,0,327,21514.868766507014
DNA,835,0,16,1052.7152913275604
Worst-Case,835,0,327,21514.868766507014
DNA,836,0,16,1052.7152913275604
Worst-Case,836,0,327,21514.868766507014
DNA,837,0,16,1052.7152913275604
Worst-Case,837,0,327,21514.868766507014
DNA,838,0,16,1052.7152913275604
Worst-Case,838,0,327,21514.868766507014
DNA,839,0,16,1052.7152913275604
Worst-Case,839,0,327,21514.868766507014
DNA,840,0,16,1052.7152913275604
Worst-Case,840,0,327,21514.868766507014
DNA,841,0,16,1052.7152913275604
Worst-Case,841,0,327,21514.868766507014
DNA,842,0,16,1052.7152913275604
Worst-Case,842,0,327,21514.868766507014
DNA,843,0,16,1052.7152913275604
Worst-Case,843,0,327,21514.868766507014
DNA,844,0,16,1052.7152913275604
Worst-Case,844,0,327,21514.868766507014
DNA,845,0,16,1052.7152913275604
Worst-Case,845,0,327,21514.868766507014
DNA,846,0,16,1052.7152913275604
Worst-Case,846,0,327,21514.868766507014
DNA,847,0,16,1052.7152913275604
Worst-Case,847,0,327,21514.868766507014
DNA,848,0,16,1052.7152913275604
Worst-Case,848,0,327,21514.868766507014
DNA,849,0,16,1052.7152913275604
Worst-Case,849,0,327,21514.868766507014
DNA,850,0,16,1052.7152913275604
Worst-Case,850,0,327,21514.868766507014
DNA,851,0,16,1052.7152913275604
Worst-Case,851,0,327,21514.868766507014
DNA,852,0,16,1052.7152913275604
Worst-Case,852,0,327,21514.868766507014
DNA,853,0,16,1052.7152913275604
Worst-Case,853,0,327,21514.868766507014
DNA,854,0,16,1052.7152913275604
Worst-Case,854,0,327,21514.868766507014
DNA,855,0,16,1052.7152913275604
Worst-Case,855,0,327,21514.868766507014
DNA,856,0,16,1052.7152913275604
Worst-Case,856,0,327,21514.868766507014
DNA,857,0,16,1052.7152913275604
Worst-Case,857,0,327,21514.868766507014
DNA,858,0,16,1052.7152913275604
Worst-Case,858,0,327,21514.868766507014
DNA,859,0,16,1052.7152913275604
Worst-Case,859,0,327,21514.868766507014
DNA,860,0,16,1052.7152913275604
Worst-Case,860,0,327,21514.868766507014
DNA,861,0,16,1052.7152913275604
Worst-Case,861,0,327,21514.868766507014
DNA,862,0,16,1052.7152913275604
Worst-Case,862,0,327,21514.868766507014
DNA,863,0,16,1052.7152913275604
Worst-Case,863,0,327,21514.868766507014
DNA,864,0,16,1052.7152913275604
Worst-Case,864,0,327,21514.868766507014
DNA,865,0,16,1052.7152913275604
Worst-Case,865,0,327,21514.868766507014
DNA,866,0,16,1052.7152913275604
Worst-Case,866,0,327,21514.868766507014
DNA,867,0,16,1052.7152913275604
Worst-Case,867,0,327,21514.868766507014
DNA,868,0,16,1052.7152913275604
Worst-Case,868,0,327,21514.868766507014
DNA,869,0,16,1052.7152913275604
Worst-Case,869,0,327,21514.868766507014
DNA,870,0,16,1052.7152913275604
Worst-Case,870,0,327,21514.868766507014
DNA,871,0,16,1052.7152913275604
Worst-Case,871,0,327,21514.868766507014
DNA,872,0,16,1052.7152913275604
Worst-Case,872,0,327,21514.868766507014
DNA,873,0,16,1052.7152913275604
Worst-Case,873,0,327,21514.868766507014
DNA,874,0,16,1052.7152913275604
Worst-Case,874,0,327,21514.868766507014
DNA,875,0,16,1052.7152913275604
Worst-Case,875,0,327,21514.868766507014
DNA,876,0,16,1052.7152913275604
Worst-Case,876,0,327,21514.868766507014
DNA,877,0,16,1052.7152913275604
Worst-Case,877,0,327,21514.868766507014
DNA,878,0,16,1052.7152913275604
Worst-Case,878,0,327,21514.868766507014
DNA,879,0,16,1052.7152913275604
Worst-Case,879,0,327,21514.868766507014
DNA,880,0,16,1052.7152913275604
Worst-Case,880,0,327,21514.868766507014
DNA,881,0,16,1052.7152913275604
Worst-Case,881,0,327,21514.868766507014
DNA,882,0,16,1052.7152913275604
Worst-Case,882,0,327,21514.868766507014
DNA,883,0,16,1052.7152913275604
Worst-Case,883,0,327,21514.868766507014
DNA,884,0,16,1052.7152913275604
Worst-Case,884,0,327,21514.868766507014
DNA,885,0,16,1052.7152913275604
Worst-Case,885,0,327,21514.868766507014
DNA,886,0,16,1052.7152913275604
Worst-Case,886,0,327,21514.868766507014
DNA,887,0,16,1052.7152913275604
Worst-Case,887,0,327,21514.868766507014
DNA,888,0,16,1052.7152913275604
Worst-Case,888,0,327,21514.868766507014
DNA,889,0,16,1052.7152913275604
Worst-Case,889,0,327,21514.868766507014
DNA,890,0,16,1052.7152913275604
Worst-Case,890,0,327,21514.868766507014
DNA,891,0,16,1052.7152913275604
Worst-Case,891,0,327,21514.868766507014
DNA,892,0,16,1052.7152913275604
Worst-Case,892,0,327,21514.868766507014
DNA,893,0,16,1052.7152913275604
Worst-Case,893,0,327,21514.868766507014
DNA,894,0,16,1052.7152913275604
Worst-Case,894,0,327,21514.868766507014
DNA,895,0,16,1052.7152913275604
Worst-Case,895,0,327,21514.868766507014
DNA,896,0,16,1052.7152913275604
Worst-Case,896,0,327,21514.868766507014
DNA,897,0,16,1052.7152913275604
Worst-Case,897,0,327,21514.868766507014
DNA,898,0,16,1052.7152913275604
Worst-Case,898,0,327,21514.868766507014
DNA,899,0,16,1052.7152913275604
Worst-Case,899,0,327,21514.868766507014
DNA,900,0,16,1052.7152913275604
Worst-Case,900,0,327,21514.868766507014
DNA,901,0,16,1052.7152913275604
Worst-Case,901,0,327,21514.868766507014
DNA,902,0,16,1052.7152913275604
Worst-Case,902,0,327,21514.868766507014
DNA,903,0,16,1052.7152913275604
Worst-Case,903,0,327,21514.868766507014
DNA,904,0,16,1052.7152913275604
Worst-Case,904,0,327,21514.868766507014
DNA,905,0,16,1052.7152913275604
Worst-Case,905,0,327,21514.868766507014
DNA,906,0,16,1052.7152913275604
Worst-Case,906,0,327,21514.868766507014
DNA,907,0,16,1052.7152913275604
Worst-Case,907,0,327,21514.868766507014
DNA,908,0,16,1052.7152913275604
Worst-Case,908,0,327,21514.868766507014
DNA,909,0,16,1052.7152913275604
Worst-Case,909,0,327,21514.868766507014
DNA,910,0,16,1052.7152913275604
Worst-Case,910,0,327,21514.868766507014
DNA,911,0,16,1052.7152913275604
Worst-Case,911,0,327,21514.868766507014
DNA,912,0,16,1052.7152913275604
Worst-Case,912,0,327,21514.868766507014
DNA,913,0,16,1052.7152913275604
Worst-Case,913,0,327,21514.868766507014
DNA,914,0,16,1052.7152913275604
Worst-Case,914,0,327,21514.868766507014
DNA,915,0,16,1052.7152913275604
Worst-Case,915,0,327,21514.868766507014
DNA,916,0,16,1052.7152913275604
Worst-Case,916,0,327,21514.868766507014
DNA,917,0,16,1052.7152913275604
Worst-Case,917,0,327,21514.868766507014
DNA,918,0,16,1052.7152913275604
Worst-Case,918,0,327,21514.868766507014
DNA,919,0,16,1052.7152913275604
Worst-Case,919,0,327,21514.868766507014
DNA,920,0,16,1052.7152913275604
Worst-Case,920,0,327,21514.868766507014
DNA,921,0,16,1052.7152913275604
Worst-Case,921,0,327,21514.868766507014
DNA,922,0,16,1052.7152913275604
Worst-Case,922,0,327,21514.868766507014
DNA,923,0,16,1052.7152913275604
Worst-Case,923,0,327,21514.868766507014
DNA,924,0,16,1052.7152913275604
Worst-Case,924,0,327,21514.868766507014
DNA,925,0,16,1052.7152913275604
Worst-Case,925,0,327,21514.868766507014
DNA,926,0,16,1052.7152913275604
Worst-Case,926,0,327,21514.868766507014
DNA,927,0,16,1052.7152913275604
Worst-Case,927,0,327,21514.868766507014
DNA,928,0,16,1052.7152913275604
Worst-Case,928,0,327,21514.868766507014
DNA,929,0,16,1052.7152913275604
Worst-Case,929,0,327,21514.868766507014
DNA,930,0,16,1052.7152913275604
Worst-Case,930,0,327,21514.868766507014
DNA,931,0,16,1052.7152913275604
Worst-Case,931,0,327,21514.868766507014
DNA,932,0,16,1052.7152913275604
Worst-Case,932,0,327,21514.868766507014
DNA,933,0,16,1052.7152913275604
Worst-Case,933,0,327,21514.868766507014
DNA,934,0,16,1052.7152913275604
Worst-Case,934,0,327,21514.868766507014
DNA,935,0,16,1052.7152913275604
Worst-Case,935,0,327,21514.868766507014
DNA,936,0,16,1052.7152913275604
Worst-Case,936,0,327,21514.868766507014
DNA,937,0,16,1052.7152913275604
Worst-Case,937,0,327,21514.868766507014
DNA,938,0,16,1052.7152913275604
Worst-Case,938,0,327,21514.868766507014
DNA,939,0,16,1052.7152913275604
Worst-Case,939,0,327,21514.868766507014
DNA,940,0,16,1052.7152913275604
Worst-Case,940,0,327,21514.868766507014
DNA,941,0,16,1052.7152913275604
Worst-Case,941,0,327,21514.868766507014
DNA,942,0,16,1052.7152913275604
Worst-Case,942,0,327,21514.868766507014
DNA,943,0,16,1052.7152913275604
Worst-Case,943,0,327,21514.868766507014
DNA,944,0,16,1052.7152913275604
Worst-Case,944,0,327,21514.868766507014
DNA,945,0,16,1052.7152913275604
Worst-Case,945,0,327,21514.868766507014
DNA,946,0,16,1052.7152913275604
Worst-Case,946,0,327,21514.868766507014
DNA,947,0,16,1052.7152913275604
Worst-Case,947,0,327,21514.868766507014
DNA,948,0,16,1052.7152913275604
Worst-Case,948,0,327,21514.868766507014
DNA,949,0,16,1052.7152913275604
Worst-Case,949,0,327,21514.868766507014
DNA,950,0,16,1052.7152913275604
Worst-Case,950,0,327,21514.868766507014
DNA,951,0,16,1052.7152913275604
Worst-Case,951,0,327,21514.868766507014
DNA,952,0,16,1052.7152913275604
Worst-Case,952,0,327,21514.868766507014
DNA,953,0,16,1052.7152913275604
Worst-Case,953,0,327,21514.868766507014
DNA,954,0,16,1052.7152913275604
Worst-Case,954,0,327,21514.868766507014
DNA,955,0,16,1052.7152913275604
Worst-Case,955,0,327,21514.868766507014
DNA,956,0,16,1052.7152913275604
Worst-Case,956,0,327,21514.868766507014
DNA,957,0,16,1052.7152913275604
Worst-Case,957,0,327,21514.868766507014
DNA,958,0,16,1052.7152913275604
Worst-Case,958,0,327,21514.868766507014
DNA,959,0,16,1052.7152913275604
Worst-Case,959,0,327,21514.868766507014
DNA,960,0,16,1052.7152913275604
Worst-Case,960,0,327,21514.868766507014
DNA,961,0,16,1052.7152913275604
Worst-Case,961,0,327,21514.868766507014
DNA,962,0,16,1052.7152913275604
Worst-Case,962,0,327,21514.868766507014
DNA,963,0,16,1052.7152913275604
Worst-Case,963,0,327,21514.868766507014
DNA,964,0,16,1052.7152913275604
Worst-Case,964,0,327,21514.868766507014
DNA,965,0,16,1052.7152913275604
Worst-Case,965,0,327,21514.868766507014
DNA,966,0,16,1052.7152913275604
Worst-Case,966,0,327,21514.868766507014
DNA,967,0,16,1052.7152913275604
Worst-Case,967,0,327,21514.868766507014
DNA,968,0,16,1052.7152913275604
Worst-Case,968,0,327,21514.868766507014
DNA,969,0,16,1052.7152913275604
Worst-Case,969,0,327,21514.868766507014
DNA,970,0,16,1052.7152913275604
Worst-Case,970,0,327,21514.868766507014
DNA,971,0,16,1052.7152913275604
Worst-Case,971,0,327,21514.868766507014
DNA,972,0,16,1052.7152913275604
Worst-Case,972,0,327,21514.868766507014
DNA,973,0,16,1052.7152913275604
Worst-Case,973,0,327,21514.868766507014
DNA,974,0,16,1052.7152913275604
Worst-Case,974,0,327,21514.868766507014
DNA,975,0,16,1052.7152913275604
Worst-Case,975,0,327,21514.868766507014
DNA,976,0,16,1052.7152913275604
Worst-Case,976,0,327,21514.868766507014
DNA,977,0,16,1052.7152913275604
Worst-Case,977,0,327,21514.868766507014
DNA,978,0,16,1052.7152913275604
Worst-Case,978,0,327,21514.868766507014
DNA,979,0,16,1052.7152913275604
Worst-Case,979,0,327,21514.868766507014
DNA,980,0,16,1052.7152913275604
Worst-Case,980,0,327,21514.868766507014
DNA,981,0,16,1052.7152913275604
Worst-Case,981,0,327,21514.868766507014
DNA,982,0,16,1052.7152913275604
Worst-Case,982,0,327,21514.868766507014
DNA,983,0,16,1052.7152913275604
Worst-Case,983,0,327,21514.868766507014
DNA,984,0,16,1052.7152913275604
Worst-Case,984,0,327,21514.868766507014
DNA,985,0,16,1052.7152913275604
Worst-Case,985,0,327,21514.868766507014
DNA,986,0,16,1052.7152913275604
Worst-Case,986,0,327,21514.868766507014
DNA,987,0,16,1052.7152913275604
Worst-Case,987,0,327,21514.868766507014
DNA,988,0,16,1052.7152913275604
Worst-Case,988,0,327,21514.868766507014
DNA,989,0,16,1052.7152913275604
Worst-Case,989,0,327,21514.868766507014
DNA,990,0,16,1052.7152913275604
Worst-Case,990,0,327,21514.868766507014
DNA,991,0,16,1052.7152913275604
Worst-Case,991,0,327,21514.868766507014
DNA,992,0,16,1052.7152913275604
Worst-Case,992,0,327,21514.868766507014
DNA,993,0,16,1052.7152913275604
Worst-Case,993,0,327,21514.868766507014
DNA,994,0,16,1052.7152913275604
Worst-Case,994,0,327,21514.868766507014
DNA,995,0,16,1052.7152913275604
Worst-Case,995,0,327,21514.868766507014
DNA,996,0,16,1052.7152913275604
Worst-Case,996,0,327,21514.868766507014
DNA,997,1,16,1052.7152913275604
Worst-Case,997,0,327,21514.868766507014
DNA,998,1,16,1052.7152913275604
Worst-Case,998,0,327,21514.868766507014
DNA,999,1,16,1052.7152913275604
Worst-Case,999,0,327,21514.868766507014
DNA,1000,1,16,1052.7152913275604
Worst-Case,1000,0,327,21514.868766507014
